"DT_GERACAO";"HH_GERACAO";"ANO_ELEICAO";"CD_TIPO_ELEICAO";"NM_TIPO_ELEICAO";"CD_ELEICAO";"DS_ELEICAO";"SG_UF";"SG_UE";"NM_UE";"SQ_CANDIDATO";"DS_MOTIVO_CASSACAO"
"03/10/2018";"08:04:51";"2018";"2";"Eleição Ordinária";"297";"Eleições Gerais Estaduais 2018";"RJ";"RJ";"RIO DE JANEIRO";"190000624742";"Ausência de requisito de registro "
"03/10/2018";"08:04:51";"2018";"2";"Eleição Ordinária";"297";"Eleições Gerais Estaduais 2018";"RJ";"RJ";"RIO DE JANEIRO";"190000616073";"Ausência de requisito de registro "
"03/10/2018";"08:04:51";"2018";"2";"Eleição Ordinária";"297";"Eleições Gerais Estaduais 2018";"RJ";"RJ";"RIO DE JANEIRO";"190000624726";"Ausência de requisito de registro "
"03/10/2018";"08:04:51";"2018";"2";"Eleição Ordinária";"297";"Eleições Gerais Estaduais 2018";"RJ";"RJ";"RIO DE JANEIRO";"190000625174";"Ausência de requisito de registro "
"03/10/2018";"08:04:51";"2018";"2";"Eleição Ordinária";"297";"Eleições Gerais Estaduais 2018";"RJ";"RJ";"RIO DE JANEIRO";"190000622762";"Ausência de requisito de registro "
"03/10/2018";"08:04:51";"2018";"2";"Eleição Ordinária";"297";"Eleições Gerais Estaduais 2018";"RJ";"RJ";"RIO DE JANEIRO";"190000622772";"Ausência de requisito de registro "
"03/10/2018";"08:04:51";"2018";"2";"Eleição Ordinária";"297";"Eleições Gerais Estaduais 2018";"RJ";"RJ";"RIO DE JANEIRO";"190000628303";"Ausência de requisito de registro "
"03/10/2018";"08:04:51";"2018";"2";"Eleição Ordinária";"297";"Eleições Gerais Estaduais 2018";"RJ";"RJ";"RIO DE JANEIRO";"190000614647";"Ausência de requisito de registro "
"03/10/2018";"08:04:51";"2018";"2";"Eleição Ordinária";"297";"Eleições Gerais Estaduais 2018";"RJ";"RJ";"RIO DE JANEIRO";"190000607953";"Ausência de requisito de registro "
"03/10/2018";"08:04:51";"2018";"2";"Eleição Ordinária";"297";"Eleições Gerais Estaduais 2018";"RJ";"RJ";"RIO DE JANEIRO";"190000608963";"Ausência de requisito de registro "
"03/10/2018";"08:04:51";"2018";"2";"Eleição Ordinária";"297";"Eleições Gerais Estaduais 2018";"RJ";"RJ";"RIO DE JANEIRO";"190000601108";"Ausência de requisito de registro "
"03/10/2018";"08:04:51";"2018";"2";"Eleição Ordinária";"297";"Eleições Gerais Estaduais 2018";"RJ";"RJ";"RIO DE JANEIRO";"190000615673";"Gasto ilícito de recursos (Lei 9.504/97)."
"03/10/2018";"08:04:51";"2018";"2";"Eleição Ordinária";"297";"Eleições Gerais Estaduais 2018";"RJ";"RJ";"RIO DE JANEIRO";"190000618116";"Ficha limpa (LC 64/90)"
"03/10/2018";"08:04:51";"2018";"2";"Eleição Ordinária";"297";"Eleições Gerais Estaduais 2018";"RJ";"RJ";"RIO DE JANEIRO";"190000625261";"Ausência de requisito de registro "
"03/10/2018";"08:04:51";"2018";"2";"Eleição Ordinária";"297";"Eleições Gerais Estaduais 2018";"RJ";"RJ";"RIO DE JANEIRO";"190000625152";"Ausência de requisito de registro "
"03/10/2018";"08:04:51";"2018";"2";"Eleição Ordinária";"297";"Eleições Gerais Estaduais 2018";"RJ";"RJ";"RIO DE JANEIRO";"190000629764";"Ausência de requisito de registro "
"03/10/2018";"08:04:51";"2018";"2";"Eleição Ordinária";"297";"Eleições Gerais Estaduais 2018";"RJ";"RJ";"RIO DE JANEIRO";"190000625219";"Ausência de requisito de registro "
"03/10/2018";"08:04:51";"2018";"2";"Eleição Ordinária";"297";"Eleições Gerais Estaduais 2018";"RJ";"RJ";"RIO DE JANEIRO";"190000621106";"Impugnação"
"03/10/2018";"08:04:51";"2018";"2";"Eleição Ordinária";"297";"Eleições Gerais Estaduais 2018";"RJ";"RJ";"RIO DE JANEIRO";"190000622779";"Ausência de requisito de registro "
"03/10/2018";"08:04:51";"2018";"2";"Eleição Ordinária";"297";"Eleições Gerais Estaduais 2018";"RJ";"RJ";"RIO DE JANEIRO";"190000622188";"Ausência de requisito de registro "
"03/10/2018";"08:04:51";"2018";"2";"Eleição Ordinária";"297";"Eleições Gerais Estaduais 2018";"RJ";"RJ";"RIO DE JANEIRO";"190000606111";"Ausência de requisito de registro "
"03/10/2018";"08:04:51";"2018";"2";"Eleição Ordinária";"297";"Eleições Gerais Estaduais 2018";"RJ";"RJ";"RIO DE JANEIRO";"190000611505";"Ausência de requisito de registro "
"03/10/2018";"08:04:51";"2018";"2";"Eleição Ordinária";"297";"Eleições Gerais Estaduais 2018";"RJ";"RJ";"RIO DE JANEIRO";"190000614867";"Ausência de requisito de registro "
"03/10/2018";"08:04:51";"2018";"2";"Eleição Ordinária";"297";"Eleições Gerais Estaduais 2018";"RJ";"RJ";"RIO DE JANEIRO";"190000602076";"Ausência de requisito de registro "
"03/10/2018";"08:04:51";"2018";"2";"Eleição Ordinária";"297";"Eleições Gerais Estaduais 2018";"RJ";"RJ";"RIO DE JANEIRO";"190000610743";"Ausência de requisito de registro "
"03/10/2018";"08:04:51";"2018";"2";"Eleição Ordinária";"297";"Eleições Gerais Estaduais 2018";"RJ";"RJ";"RIO DE JANEIRO";"190000614745";"Ausência de requisito de registro "
"03/10/2018";"08:04:51";"2018";"2";"Eleição Ordinária";"297";"Eleições Gerais Estaduais 2018";"RJ";"RJ";"RIO DE JANEIRO";"190000602129";"Ausência de requisito de registro "
"03/10/2018";"08:04:51";"2018";"2";"Eleição Ordinária";"297";"Eleições Gerais Estaduais 2018";"RJ";"RJ";"RIO DE JANEIRO";"190000601156";"Ausência de requisito de registro "
"03/10/2018";"08:04:51";"2018";"2";"Eleição Ordinária";"297";"Eleições Gerais Estaduais 2018";"RJ";"RJ";"RIO DE JANEIRO";"190000607904";"Ausência de requisito de registro "
"03/10/2018";"08:04:51";"2018";"2";"Eleição Ordinária";"297";"Eleições Gerais Estaduais 2018";"RJ";"RJ";"RIO DE JANEIRO";"190000625251";"Ausência de requisito de registro "
"03/10/2018";"08:04:51";"2018";"2";"Eleição Ordinária";"297";"Eleições Gerais Estaduais 2018";"RJ";"RJ";"RIO DE JANEIRO";"190000624810";"Ausência de requisito de registro "
"03/10/2018";"08:04:51";"2018";"2";"Eleição Ordinária";"297";"Eleições Gerais Estaduais 2018";"RJ";"RJ";"RIO DE JANEIRO";"190000625254";"Ausência de requisito de registro "
"03/10/2018";"08:04:51";"2018";"2";"Eleição Ordinária";"297";"Eleições Gerais Estaduais 2018";"RJ";"RJ";"RIO DE JANEIRO";"190000618414";"Impugnação"
"03/10/2018";"08:04:51";"2018";"2";"Eleição Ordinária";"297";"Eleições Gerais Estaduais 2018";"RJ";"RJ";"RIO DE JANEIRO";"190000615555";"Ausência de requisito de registro "
"03/10/2018";"08:04:51";"2018";"2";"Eleição Ordinária";"297";"Eleições Gerais Estaduais 2018";"RJ";"RJ";"RIO DE JANEIRO";"190000625161";"Ausência de requisito de registro "
"03/10/2018";"08:04:51";"2018";"2";"Eleição Ordinária";"297";"Eleições Gerais Estaduais 2018";"RJ";"RJ";"RIO DE JANEIRO";"190000628726";"Ausência de requisito de registro "
"03/10/2018";"08:04:51";"2018";"2";"Eleição Ordinária";"297";"Eleições Gerais Estaduais 2018";"RJ";"RJ";"RIO DE JANEIRO";"190000621128";"Ausência de requisito de registro "
"03/10/2018";"08:04:51";"2018";"2";"Eleição Ordinária";"297";"Eleições Gerais Estaduais 2018";"RJ";"RJ";"RIO DE JANEIRO";"190000629600";"Ausência de requisito de registro "
"03/10/2018";"08:04:51";"2018";"2";"Eleição Ordinária";"297";"Eleições Gerais Estaduais 2018";"RJ";"RJ";"RIO DE JANEIRO";"190000621100";"Ausência de requisito de registro "
"03/10/2018";"08:04:51";"2018";"2";"Eleição Ordinária";"297";"Eleições Gerais Estaduais 2018";"RJ";"RJ";"RIO DE JANEIRO";"190000622763";"Impugnação"
"03/10/2018";"08:04:51";"2018";"2";"Eleição Ordinária";"297";"Eleições Gerais Estaduais 2018";"RJ";"RJ";"RIO DE JANEIRO";"190000607878";"Ausência de requisito de registro "
"03/10/2018";"08:04:51";"2018";"2";"Eleição Ordinária";"297";"Eleições Gerais Estaduais 2018";"RJ";"RJ";"RIO DE JANEIRO";"190000622250";"Ausência de requisito de registro "
"03/10/2018";"08:04:51";"2018";"2";"Eleição Ordinária";"297";"Eleições Gerais Estaduais 2018";"RJ";"RJ";"RIO DE JANEIRO";"190000607939";"Ausência de requisito de registro "
"03/10/2018";"08:04:51";"2018";"2";"Eleição Ordinária";"297";"Eleições Gerais Estaduais 2018";"RJ";"RJ";"RIO DE JANEIRO";"190000611467";"Ausência de requisito de registro "
"03/10/2018";"08:04:51";"2018";"2";"Eleição Ordinária";"297";"Eleições Gerais Estaduais 2018";"RJ";"RJ";"RIO DE JANEIRO";"190000601110";"Ausência de requisito de registro "
"03/10/2018";"08:04:51";"2018";"2";"Eleição Ordinária";"297";"Eleições Gerais Estaduais 2018";"RJ";"RJ";"RIO DE JANEIRO";"190000624732";"Ausência de requisito de registro "
"03/10/2018";"08:04:51";"2018";"2";"Eleição Ordinária";"297";"Eleições Gerais Estaduais 2018";"RJ";"RJ";"RIO DE JANEIRO";"190000615673";"Abuso de poder (LC 64/90)"
"03/10/2018";"08:04:51";"2018";"2";"Eleição Ordinária";"297";"Eleições Gerais Estaduais 2018";"RJ";"RJ";"RIO DE JANEIRO";"190000618141";"Ausência de requisito de registro "
"03/10/2018";"08:04:51";"2018";"2";"Eleição Ordinária";"297";"Eleições Gerais Estaduais 2018";"RJ";"RJ";"RIO DE JANEIRO";"190000625266";"Ausência de requisito de registro "
"03/10/2018";"08:04:51";"2018";"2";"Eleição Ordinária";"297";"Eleições Gerais Estaduais 2018";"RJ";"RJ";"RIO DE JANEIRO";"190000618164";"Ausência de requisito de registro "
"03/10/2018";"08:04:51";"2018";"2";"Eleição Ordinária";"297";"Eleições Gerais Estaduais 2018";"RJ";"RJ";"RIO DE JANEIRO";"190000615563";"Ausência de requisito de registro "
"03/10/2018";"08:04:51";"2018";"2";"Eleição Ordinária";"297";"Eleições Gerais Estaduais 2018";"RJ";"RJ";"RIO DE JANEIRO";"190000624677";"Ausência de requisito de registro "
"03/10/2018";"08:04:51";"2018";"2";"Eleição Ordinária";"297";"Eleições Gerais Estaduais 2018";"RJ";"RJ";"RIO DE JANEIRO";"190000625199";"Ficha limpa (LC 64/90)"
"03/10/2018";"08:04:51";"2018";"2";"Eleição Ordinária";"297";"Eleições Gerais Estaduais 2018";"RJ";"RJ";"RIO DE JANEIRO";"190000626239";"Ausência de requisito de registro "
"03/10/2018";"08:04:51";"2018";"2";"Eleição Ordinária";"297";"Eleições Gerais Estaduais 2018";"RJ";"RJ";"RIO DE JANEIRO";"190000622219";"Ausência de requisito de registro "
"03/10/2018";"08:04:51";"2018";"2";"Eleição Ordinária";"297";"Eleições Gerais Estaduais 2018";"RJ";"RJ";"RIO DE JANEIRO";"190000626307";"Ausência de requisito de registro "
"03/10/2018";"08:04:51";"2018";"2";"Eleição Ordinária";"297";"Eleições Gerais Estaduais 2018";"RJ";"RJ";"RIO DE JANEIRO";"190000622889";"Ausência de requisito de registro "
"03/10/2018";"08:04:51";"2018";"2";"Eleição Ordinária";"297";"Eleições Gerais Estaduais 2018";"RJ";"RJ";"RIO DE JANEIRO";"190000628398";"Ausência de requisito de registro "
"03/10/2018";"08:04:51";"2018";"2";"Eleição Ordinária";"297";"Eleições Gerais Estaduais 2018";"RJ";"RJ";"RIO DE JANEIRO";"190000611517";"Ausência de requisito de registro "
"03/10/2018";"08:04:51";"2018";"2";"Eleição Ordinária";"297";"Eleições Gerais Estaduais 2018";"RJ";"RJ";"RIO DE JANEIRO";"190000611509";"Impugnação"
"03/10/2018";"08:04:51";"2018";"2";"Eleição Ordinária";"297";"Eleições Gerais Estaduais 2018";"RJ";"RJ";"RIO DE JANEIRO";"190000610772";"Ausência de requisito de registro "
"03/10/2018";"08:04:51";"2018";"2";"Eleição Ordinária";"297";"Eleições Gerais Estaduais 2018";"RJ";"RJ";"RIO DE JANEIRO";"190000610787";"Ausência de requisito de registro "
"03/10/2018";"08:04:51";"2018";"2";"Eleição Ordinária";"297";"Eleições Gerais Estaduais 2018";"RJ";"RJ";"RIO DE JANEIRO";"190000603385";"Ausência de requisito de registro "
"03/10/2018";"08:04:51";"2018";"2";"Eleição Ordinária";"297";"Eleições Gerais Estaduais 2018";"RJ";"RJ";"RIO DE JANEIRO";"190000625248";"Ausência de requisito de registro "
"03/10/2018";"08:04:51";"2018";"2";"Eleição Ordinária";"297";"Eleições Gerais Estaduais 2018";"RJ";"RJ";"RIO DE JANEIRO";"190000619321";"Ausência de requisito de registro "
"03/10/2018";"08:04:51";"2018";"2";"Eleição Ordinária";"297";"Eleições Gerais Estaduais 2018";"RJ";"RJ";"RIO DE JANEIRO";"190000624729";"Ausência de requisito de registro "
"03/10/2018";"08:04:51";"2018";"2";"Eleição Ordinária";"297";"Eleições Gerais Estaduais 2018";"RJ";"RJ";"RIO DE JANEIRO";"190000625185";"Ausência de requisito de registro "
"03/10/2018";"08:04:51";"2018";"2";"Eleição Ordinária";"297";"Eleições Gerais Estaduais 2018";"RJ";"RJ";"RIO DE JANEIRO";"190000619350";"Ausência de requisito de registro "
"03/10/2018";"08:04:51";"2018";"2";"Eleição Ordinária";"297";"Eleições Gerais Estaduais 2018";"RJ";"RJ";"RIO DE JANEIRO";"190000619362";"Ausência de requisito de registro "
"03/10/2018";"08:04:51";"2018";"2";"Eleição Ordinária";"297";"Eleições Gerais Estaduais 2018";"RJ";"RJ";"RIO DE JANEIRO";"190000619366";"Ausência de requisito de registro "
"03/10/2018";"08:04:51";"2018";"2";"Eleição Ordinária";"297";"Eleições Gerais Estaduais 2018";"RJ";"RJ";"RIO DE JANEIRO";"190000626316";"Ausência de requisito de registro "
"03/10/2018";"08:04:51";"2018";"2";"Eleição Ordinária";"297";"Eleições Gerais Estaduais 2018";"RJ";"RJ";"RIO DE JANEIRO";"190000613606";"Impugnação"
"03/10/2018";"08:04:51";"2018";"2";"Eleição Ordinária";"297";"Eleições Gerais Estaduais 2018";"RJ";"RJ";"RIO DE JANEIRO";"190000622217";"Ausência de requisito de registro "
"03/10/2018";"08:04:51";"2018";"2";"Eleição Ordinária";"297";"Eleições Gerais Estaduais 2018";"RJ";"RJ";"RIO DE JANEIRO";"190000607877";"Ficha limpa (LC 64/90)"
"03/10/2018";"08:04:51";"2018";"2";"Eleição Ordinária";"297";"Eleições Gerais Estaduais 2018";"RJ";"RJ";"RIO DE JANEIRO";"190000607966";"Ausência de requisito de registro "
"03/10/2018";"08:04:51";"2018";"2";"Eleição Ordinária";"297";"Eleições Gerais Estaduais 2018";"RJ";"RJ";"RIO DE JANEIRO";"190000614923";"Ausência de requisito de registro "
"03/10/2018";"08:04:51";"2018";"2";"Eleição Ordinária";"297";"Eleições Gerais Estaduais 2018";"RJ";"RJ";"RIO DE JANEIRO";"190000601149";"Ausência de requisito de registro "
"03/10/2018";"08:04:51";"2018";"2";"Eleição Ordinária";"297";"Eleições Gerais Estaduais 2018";"RJ";"RJ";"RIO DE JANEIRO";"190000615669";"Indeferimento de partido ou coligação."
"03/10/2018";"08:04:51";"2018";"2";"Eleição Ordinária";"297";"Eleições Gerais Estaduais 2018";"RJ";"RJ";"RIO DE JANEIRO";"190000625243";"Ausência de requisito de registro "
"03/10/2018";"08:04:51";"2018";"2";"Eleição Ordinária";"297";"Eleições Gerais Estaduais 2018";"RJ";"RJ";"RIO DE JANEIRO";"190000615673";"Compra de voto (Lei 9.504/97)."
"03/10/2018";"08:04:51";"2018";"2";"Eleição Ordinária";"297";"Eleições Gerais Estaduais 2018";"RJ";"RJ";"RIO DE JANEIRO";"190000618128";"Ausência de requisito de registro "
"03/10/2018";"08:04:51";"2018";"2";"Eleição Ordinária";"297";"Eleições Gerais Estaduais 2018";"RJ";"RJ";"RIO DE JANEIRO";"190000625290";"Ausência de requisito de registro "
"03/10/2018";"08:04:51";"2018";"2";"Eleição Ordinária";"297";"Eleições Gerais Estaduais 2018";"RJ";"RJ";"RIO DE JANEIRO";"190000616114";"Ausência de requisito de registro "
"03/10/2018";"08:04:51";"2018";"2";"Eleição Ordinária";"297";"Eleições Gerais Estaduais 2018";"RJ";"RJ";"RIO DE JANEIRO";"190000629933";"Ausência de requisito de registro "
"03/10/2018";"08:04:51";"2018";"2";"Eleição Ordinária";"297";"Eleições Gerais Estaduais 2018";"RJ";"RJ";"RIO DE JANEIRO";"190000628067";"Ausência de requisito de registro "
"03/10/2018";"08:04:51";"2018";"2";"Eleição Ordinária";"297";"Eleições Gerais Estaduais 2018";"RJ";"RJ";"RIO DE JANEIRO";"190000621135";"Ausência de requisito de registro "
"03/10/2018";"08:04:51";"2018";"2";"Eleição Ordinária";"297";"Eleições Gerais Estaduais 2018";"RJ";"RJ";"RIO DE JANEIRO";"190000628395";"Ausência de requisito de registro "
"03/10/2018";"08:04:51";"2018";"2";"Eleição Ordinária";"297";"Eleições Gerais Estaduais 2018";"RJ";"RJ";"RIO DE JANEIRO";"190000611476";"Ausência de requisito de registro "
"03/10/2018";"08:04:51";"2018";"2";"Eleição Ordinária";"297";"Eleições Gerais Estaduais 2018";"RJ";"RJ";"RIO DE JANEIRO";"190000614820";"Ausência de requisito de registro "
"03/10/2018";"08:04:51";"2018";"2";"Eleição Ordinária";"297";"Eleições Gerais Estaduais 2018";"RJ";"RJ";"RIO DE JANEIRO";"190000618074";"Ausência de requisito de registro "
"03/10/2018";"08:04:51";"2018";"2";"Eleição Ordinária";"297";"Eleições Gerais Estaduais 2018";"RJ";"RJ";"RIO DE JANEIRO";"190000618075";"Ausência de requisito de registro "
"03/10/2018";"08:04:51";"2018";"2";"Eleição Ordinária";"297";"Eleições Gerais Estaduais 2018";"RJ";"RJ";"RIO DE JANEIRO";"190000624731";"Ausência de requisito de registro "
"03/10/2018";"08:04:51";"2018";"2";"Eleição Ordinária";"297";"Eleições Gerais Estaduais 2018";"RJ";"RJ";"RIO DE JANEIRO";"190000624737";"Ausência de requisito de registro "
"03/10/2018";"08:04:51";"2018";"2";"Eleição Ordinária";"297";"Eleições Gerais Estaduais 2018";"RJ";"RJ";"RIO DE JANEIRO";"190000624739";"Impugnação"
"03/10/2018";"08:04:51";"2018";"2";"Eleição Ordinária";"297";"Eleições Gerais Estaduais 2018";"RJ";"RJ";"RIO DE JANEIRO";"190000615665";"Indeferimento de partido ou coligação."
"03/10/2018";"08:04:51";"2018";"2";"Eleição Ordinária";"297";"Eleições Gerais Estaduais 2018";"RJ";"RJ";"RIO DE JANEIRO";"190000618139";"Ausência de requisito de registro "
"03/10/2018";"08:04:51";"2018";"2";"Eleição Ordinária";"297";"Eleições Gerais Estaduais 2018";"RJ";"RJ";"RIO DE JANEIRO";"190000625153";"Ausência de requisito de registro "
"03/10/2018";"08:04:51";"2018";"2";"Eleição Ordinária";"297";"Eleições Gerais Estaduais 2018";"RJ";"RJ";"RIO DE JANEIRO";"190000621087";"Ausência de requisito de registro "
"03/10/2018";"08:04:51";"2018";"2";"Eleição Ordinária";"297";"Eleições Gerais Estaduais 2018";"RJ";"RJ";"RIO DE JANEIRO";"190000627901";"Ausência de requisito de registro "
"03/10/2018";"08:04:51";"2018";"2";"Eleição Ordinária";"297";"Eleições Gerais Estaduais 2018";"RJ";"RJ";"RIO DE JANEIRO";"190000625180";"Ausência de requisito de registro "
"03/10/2018";"08:04:51";"2018";"2";"Eleição Ordinária";"297";"Eleições Gerais Estaduais 2018";"RJ";"RJ";"RIO DE JANEIRO";"190000626494";"Ausência de requisito de registro "
"03/10/2018";"08:04:51";"2018";"2";"Eleição Ordinária";"297";"Eleições Gerais Estaduais 2018";"RJ";"RJ";"RIO DE JANEIRO";"190000629942";"Ausência de requisito de registro "
"03/10/2018";"08:04:51";"2018";"2";"Eleição Ordinária";"297";"Eleições Gerais Estaduais 2018";"RJ";"RJ";"RIO DE JANEIRO";"190000629878";"Ausência de requisito de registro "
"03/10/2018";"08:04:51";"2018";"2";"Eleição Ordinária";"297";"Eleições Gerais Estaduais 2018";"RJ";"RJ";"RIO DE JANEIRO";"190000628324";"Ausência de requisito de registro "
"03/10/2018";"08:04:51";"2018";"2";"Eleição Ordinária";"297";"Eleições Gerais Estaduais 2018";"RJ";"RJ";"RIO DE JANEIRO";"190000629485";"Ausência de requisito de registro "
"03/10/2018";"08:04:51";"2018";"2";"Eleição Ordinária";"297";"Eleições Gerais Estaduais 2018";"RJ";"RJ";"RIO DE JANEIRO";"190000626317";"Ausência de requisito de registro "
"03/10/2018";"08:04:51";"2018";"2";"Eleição Ordinária";"297";"Eleições Gerais Estaduais 2018";"RJ";"RJ";"RIO DE JANEIRO";"190000614705";"Ausência de requisito de registro "
"03/10/2018";"08:04:51";"2018";"2";"Eleição Ordinária";"297";"Eleições Gerais Estaduais 2018";"RJ";"RJ";"RIO DE JANEIRO";"190000628305";"Ausência de requisito de registro "
"03/10/2018";"08:04:51";"2018";"2";"Eleição Ordinária";"297";"Eleições Gerais Estaduais 2018";"RJ";"RJ";"RIO DE JANEIRO";"190000610754";"Ausência de requisito de registro "
"03/10/2018";"08:04:51";"2018";"2";"Eleição Ordinária";"297";"Eleições Gerais Estaduais 2018";"RJ";"RJ";"RIO DE JANEIRO";"190000627778";"Ausência de requisito de registro "
"03/10/2018";"08:04:51";"2018";"2";"Eleição Ordinária";"297";"Eleições Gerais Estaduais 2018";"RJ";"RJ";"RIO DE JANEIRO";"190000611521";"Ausência de requisito de registro "
"03/10/2018";"08:04:51";"2018";"2";"Eleição Ordinária";"297";"Eleições Gerais Estaduais 2018";"RJ";"RJ";"RIO DE JANEIRO";"190000602147";"Ausência de requisito de registro "
"03/10/2018";"08:04:51";"2018";"2";"Eleição Ordinária";"297";"Eleições Gerais Estaduais 2018";"RJ";"RJ";"RIO DE JANEIRO";"190000601159";"Impugnação"
"03/10/2018";"08:04:51";"2018";"2";"Eleição Ordinária";"297";"Eleições Gerais Estaduais 2018";"RJ";"RJ";"RIO DE JANEIRO";"190000624780";"Ausência de requisito de registro "
"03/10/2018";"08:04:51";"2018";"2";"Eleição Ordinária";"297";"Eleições Gerais Estaduais 2018";"RJ";"RJ";"RIO DE JANEIRO";"190000624763";"Ausência de requisito de registro "
"03/10/2018";"08:04:51";"2018";"2";"Eleição Ordinária";"297";"Eleições Gerais Estaduais 2018";"RJ";"RJ";"RIO DE JANEIRO";"190000625260";"Ausência de requisito de registro "
"03/10/2018";"08:04:51";"2018";"2";"Eleição Ordinária";"297";"Eleições Gerais Estaduais 2018";"RJ";"RJ";"RIO DE JANEIRO";"190000624653";"Ausência de requisito de registro "
"03/10/2018";"08:04:51";"2018";"2";"Eleição Ordinária";"297";"Eleições Gerais Estaduais 2018";"RJ";"RJ";"RIO DE JANEIRO";"190000624656";"Ausência de requisito de registro "
"03/10/2018";"08:04:51";"2018";"2";"Eleição Ordinária";"297";"Eleições Gerais Estaduais 2018";"RJ";"RJ";"RIO DE JANEIRO";"190000629938";"Ausência de requisito de registro "
"03/10/2018";"08:04:51";"2018";"2";"Eleição Ordinária";"297";"Eleições Gerais Estaduais 2018";"RJ";"RJ";"RIO DE JANEIRO";"190000611483";"Ausência de requisito de registro "
"03/10/2018";"08:04:51";"2018";"2";"Eleição Ordinária";"297";"Eleições Gerais Estaduais 2018";"RJ";"RJ";"RIO DE JANEIRO";"190000626230";"Ausência de requisito de registro "
"03/10/2018";"08:04:51";"2018";"2";"Eleição Ordinária";"297";"Eleições Gerais Estaduais 2018";"RJ";"RJ";"RIO DE JANEIRO";"190000629782";"Ausência de requisito de registro "
"03/10/2018";"08:04:51";"2018";"2";"Eleição Ordinária";"297";"Eleições Gerais Estaduais 2018";"RJ";"RJ";"RIO DE JANEIRO";"190000629491";"Indeferimento de partido ou coligação."
"03/10/2018";"08:04:51";"2018";"2";"Eleição Ordinária";"297";"Eleições Gerais Estaduais 2018";"RJ";"RJ";"RIO DE JANEIRO";"190000629776";"Ausência de requisito de registro "
"03/10/2018";"08:04:51";"2018";"2";"Eleição Ordinária";"297";"Eleições Gerais Estaduais 2018";"RJ";"RJ";"RIO DE JANEIRO";"190000626308";"Ausência de requisito de registro "
"03/10/2018";"08:04:51";"2018";"2";"Eleição Ordinária";"297";"Eleições Gerais Estaduais 2018";"RJ";"RJ";"RIO DE JANEIRO";"190000626318";"Ausência de requisito de registro "
"03/10/2018";"08:04:51";"2018";"2";"Eleição Ordinária";"297";"Eleições Gerais Estaduais 2018";"RJ";"RJ";"RIO DE JANEIRO";"190000611430";"Ausência de requisito de registro "
"03/10/2018";"08:04:51";"2018";"2";"Eleição Ordinária";"297";"Eleições Gerais Estaduais 2018";"RJ";"RJ";"RIO DE JANEIRO";"190000603297";"Ficha limpa (LC 64/90)"
"03/10/2018";"08:04:51";"2018";"2";"Eleição Ordinária";"297";"Eleições Gerais Estaduais 2018";"RJ";"RJ";"RIO DE JANEIRO";"190000606170";"Ausência de requisito de registro "
"03/10/2018";"08:04:51";"2018";"2";"Eleição Ordinária";"297";"Eleições Gerais Estaduais 2018";"RJ";"RJ";"RIO DE JANEIRO";"190000607874";"Ausência de requisito de registro "
"03/10/2018";"08:04:51";"2018";"2";"Eleição Ordinária";"297";"Eleições Gerais Estaduais 2018";"RJ";"RJ";"RIO DE JANEIRO";"190000611448";"Ausência de requisito de registro "
"03/10/2018";"08:04:51";"2018";"2";"Eleição Ordinária";"297";"Eleições Gerais Estaduais 2018";"RJ";"RJ";"RIO DE JANEIRO";"190000603719";"Ficha limpa (LC 64/90)"
"03/10/2018";"08:04:51";"2018";"2";"Eleição Ordinária";"297";"Eleições Gerais Estaduais 2018";"RJ";"RJ";"RIO DE JANEIRO";"190000615666";"Indeferimento de partido ou coligação."
"03/10/2018";"08:04:51";"2018";"2";"Eleição Ordinária";"297";"Eleições Gerais Estaduais 2018";"RJ";"RJ";"RIO DE JANEIRO";"190000625258";"Ausência de requisito de registro "
"03/10/2018";"08:04:51";"2018";"2";"Eleição Ordinária";"297";"Eleições Gerais Estaduais 2018";"RJ";"RJ";"RIO DE JANEIRO";"190000619298";"Ausência de requisito de registro "
"03/10/2018";"08:04:51";"2018";"2";"Eleição Ordinária";"297";"Eleições Gerais Estaduais 2018";"RJ";"RJ";"RIO DE JANEIRO";"190000626194";"Ausência de requisito de registro "
"03/10/2018";"08:04:51";"2018";"2";"Eleição Ordinária";"297";"Eleições Gerais Estaduais 2018";"RJ";"RJ";"RIO DE JANEIRO";"190000629150";"Ausência de requisito de registro "
"03/10/2018";"08:04:51";"2018";"2";"Eleição Ordinária";"297";"Eleições Gerais Estaduais 2018";"RJ";"RJ";"RIO DE JANEIRO";"190000622947";"Ausência de requisito de registro "
"03/10/2018";"08:04:51";"2018";"2";"Eleição Ordinária";"297";"Eleições Gerais Estaduais 2018";"RJ";"RJ";"RIO DE JANEIRO";"190000623217";"Ausência de requisito de registro "
"03/10/2018";"08:04:51";"2018";"2";"Eleição Ordinária";"297";"Eleições Gerais Estaduais 2018";"RJ";"RJ";"RIO DE JANEIRO";"190000621110";"Ausência de requisito de registro "
"03/10/2018";"08:04:51";"2018";"2";"Eleição Ordinária";"297";"Eleições Gerais Estaduais 2018";"RJ";"RJ";"RIO DE JANEIRO";"190000629584";"Ausência de requisito de registro "
"03/10/2018";"08:04:51";"2018";"2";"Eleição Ordinária";"297";"Eleições Gerais Estaduais 2018";"RJ";"RJ";"RIO DE JANEIRO";"190000622863";"Ausência de requisito de registro "
"03/10/2018";"08:04:51";"2018";"2";"Eleição Ordinária";"297";"Eleições Gerais Estaduais 2018";"RJ";"RJ";"RIO DE JANEIRO";"190000626323";"Ausência de requisito de registro "
"03/10/2018";"08:04:51";"2018";"2";"Eleição Ordinária";"297";"Eleições Gerais Estaduais 2018";"RJ";"RJ";"RIO DE JANEIRO";"190000604184";"Ausência de requisito de registro "
"03/10/2018";"08:04:51";"2018";"2";"Eleição Ordinária";"297";"Eleições Gerais Estaduais 2018";"RJ";"RJ";"RIO DE JANEIRO";"190000614623";"Ausência de requisito de registro "
"03/10/2018";"08:04:51";"2018";"2";"Eleição Ordinária";"297";"Eleições Gerais Estaduais 2018";"RJ";"RJ";"RIO DE JANEIRO";"190000607959";"Ausência de requisito de registro "
"03/10/2018";"08:04:51";"2018";"2";"Eleição Ordinária";"297";"Eleições Gerais Estaduais 2018";"RJ";"RJ";"RIO DE JANEIRO";"190000612981";"Ficha limpa (LC 64/90)"
"03/10/2018";"08:04:51";"2018";"2";"Eleição Ordinária";"297";"Eleições Gerais Estaduais 2018";"RJ";"RJ";"RIO DE JANEIRO";"190000610758";"Ausência de requisito de registro "
"03/10/2018";"08:04:51";"2018";"2";"Eleição Ordinária";"297";"Eleições Gerais Estaduais 2018";"RJ";"RJ";"RIO DE JANEIRO";"190000601100";"Impugnação"
"03/10/2018";"08:04:51";"2018";"2";"Eleição Ordinária";"297";"Eleições Gerais Estaduais 2018";"RJ";"RJ";"RIO DE JANEIRO";"190000615667";"Indeferimento de partido ou coligação."
"03/10/2018";"08:04:51";"2018";"2";"Eleição Ordinária";"297";"Eleições Gerais Estaduais 2018";"RJ";"RJ";"RIO DE JANEIRO";"190000625247";"Ausência de requisito de registro "
"03/10/2018";"08:04:51";"2018";"2";"Eleição Ordinária";"297";"Eleições Gerais Estaduais 2018";"RJ";"RJ";"RIO DE JANEIRO";"190000618151";"Ausência de requisito de registro "
"03/10/2018";"08:04:51";"2018";"2";"Eleição Ordinária";"297";"Eleições Gerais Estaduais 2018";"RJ";"RJ";"RIO DE JANEIRO";"190000624796";"Ausência de requisito de registro "
"03/10/2018";"08:04:51";"2018";"2";"Eleição Ordinária";"297";"Eleições Gerais Estaduais 2018";"RJ";"RJ";"RIO DE JANEIRO";"190000622939";"Ausência de requisito de registro "
"03/10/2018";"08:04:51";"2018";"2";"Eleição Ordinária";"297";"Eleições Gerais Estaduais 2018";"RJ";"RJ";"RIO DE JANEIRO";"190000626492";"Ausência de requisito de registro "
"03/10/2018";"08:04:51";"2018";"2";"Eleição Ordinária";"297";"Eleições Gerais Estaduais 2018";"RJ";"RJ";"RIO DE JANEIRO";"190000622780";"Ausência de requisito de registro "
"03/10/2018";"08:04:51";"2018";"2";"Eleição Ordinária";"297";"Eleições Gerais Estaduais 2018";"RJ";"RJ";"RIO DE JANEIRO";"190000601368";"Impugnação"
"03/10/2018";"08:04:51";"2018";"2";"Eleição Ordinária";"297";"Eleições Gerais Estaduais 2018";"RJ";"RJ";"RIO DE JANEIRO";"190000610781";"Ausência de requisito de registro "
"03/10/2018";"08:04:51";"2018";"2";"Eleição Ordinária";"297";"Eleições Gerais Estaduais 2018";"RJ";"RJ";"RIO DE JANEIRO";"190000614768";"Ausência de requisito de registro "
"03/10/2018";"08:04:51";"2018";"2";"Eleição Ordinária";"297";"Eleições Gerais Estaduais 2018";"RJ";"RJ";"RIO DE JANEIRO";"190000608691";"Ausência de requisito de registro "
"03/10/2018";"08:04:51";"2018";"2";"Eleição Ordinária";"297";"Eleições Gerais Estaduais 2018";"RJ";"RJ";"RIO DE JANEIRO";"190000615670";"Indeferimento de partido ou coligação."
"03/10/2018";"08:04:51";"2018";"2";"Eleição Ordinária";"297";"Eleições Gerais Estaduais 2018";"RJ";"RJ";"RIO DE JANEIRO";"190000615673";"Ficha limpa (LC 64/90)"
"03/10/2018";"08:04:51";"2018";"2";"Eleição Ordinária";"297";"Eleições Gerais Estaduais 2018";"RJ";"RJ";"RIO DE JANEIRO";"190000622929";"Ausência de requisito de registro "
"03/10/2018";"08:04:51";"2018";"2";"Eleição Ordinária";"297";"Eleições Gerais Estaduais 2018";"RJ";"RJ";"RIO DE JANEIRO";"190000622940";"Ficha limpa (LC 64/90)"
"03/10/2018";"08:04:51";"2018";"2";"Eleição Ordinária";"297";"Eleições Gerais Estaduais 2018";"RJ";"RJ";"RIO DE JANEIRO";"190000626459";"Ausência de requisito de registro "
"03/10/2018";"08:04:51";"2018";"2";"Eleição Ordinária";"297";"Eleições Gerais Estaduais 2018";"RJ";"RJ";"RIO DE JANEIRO";"190000625162";"Ausência de requisito de registro "
"03/10/2018";"08:04:51";"2018";"2";"Eleição Ordinária";"297";"Eleições Gerais Estaduais 2018";"RJ";"RJ";"RIO DE JANEIRO";"190000621126";"Ausência de requisito de registro "
"03/10/2018";"08:04:51";"2018";"2";"Eleição Ordinária";"297";"Eleições Gerais Estaduais 2018";"RJ";"RJ";"RIO DE JANEIRO";"190000629941";"Ausência de requisito de registro "
"03/10/2018";"08:04:51";"2018";"2";"Eleição Ordinária";"297";"Eleições Gerais Estaduais 2018";"RJ";"RJ";"RIO DE JANEIRO";"190000626429";"Ficha limpa (LC 64/90)"
"03/10/2018";"08:04:51";"2018";"2";"Eleição Ordinária";"297";"Eleições Gerais Estaduais 2018";"RJ";"RJ";"RIO DE JANEIRO";"190000621139";"Ausência de requisito de registro "
"03/10/2018";"08:04:51";"2018";"2";"Eleição Ordinária";"297";"Eleições Gerais Estaduais 2018";"RJ";"RJ";"RIO DE JANEIRO";"190000622755";"Ausência de requisito de registro "
"03/10/2018";"08:04:51";"2018";"2";"Eleição Ordinária";"297";"Eleições Gerais Estaduais 2018";"RJ";"RJ";"RIO DE JANEIRO";"190000622774";"Ausência de requisito de registro "
"03/10/2018";"08:04:51";"2018";"2";"Eleição Ordinária";"297";"Eleições Gerais Estaduais 2018";"RJ";"RJ";"RIO DE JANEIRO";"190000607865";"Ausência de requisito de registro "
"03/10/2018";"08:04:51";"2018";"2";"Eleição Ordinária";"297";"Eleições Gerais Estaduais 2018";"RJ";"RJ";"RIO DE JANEIRO";"190000607839";"Ausência de requisito de registro "
"03/10/2018";"08:04:51";"2018";"2";"Eleição Ordinária";"297";"Eleições Gerais Estaduais 2018";"RJ";"RJ";"RIO DE JANEIRO";"190000606135";"Ausência de requisito de registro "
"03/10/2018";"08:04:51";"2018";"2";"Eleição Ordinária";"297";"Eleições Gerais Estaduais 2018";"RJ";"RJ";"RIO DE JANEIRO";"190000606136";"Ausência de requisito de registro "
"03/10/2018";"08:04:51";"2018";"2";"Eleição Ordinária";"297";"Eleições Gerais Estaduais 2018";"RJ";"RJ";"RIO DE JANEIRO";"190000614785";"Ausência de requisito de registro "
"03/10/2018";"08:04:51";"2018";"2";"Eleição Ordinária";"297";"Eleições Gerais Estaduais 2018";"RJ";"RJ";"RIO DE JANEIRO";"190000618102";"Ausência de requisito de registro "
"03/10/2018";"08:04:51";"2018";"2";"Eleição Ordinária";"297";"Eleições Gerais Estaduais 2018";"RJ";"RJ";"RIO DE JANEIRO";"190000615673";"Conduta vedada (Lei 9.504/97)."
"03/10/2018";"08:04:51";"2018";"2";"Eleição Ordinária";"297";"Eleições Gerais Estaduais 2018";"RJ";"RJ";"RIO DE JANEIRO";"190000625276";"Ausência de requisito de registro "
"03/10/2018";"08:04:51";"2018";"2";"Eleição Ordinária";"297";"Eleições Gerais Estaduais 2018";"RJ";"RJ";"RIO DE JANEIRO";"190000622906";"Ausência de requisito de registro "
"03/10/2018";"08:04:51";"2018";"2";"Eleição Ordinária";"297";"Eleições Gerais Estaduais 2018";"RJ";"RJ";"RIO DE JANEIRO";"190000625255";"Ausência de requisito de registro "
"03/10/2018";"08:04:51";"2018";"2";"Eleição Ordinária";"297";"Eleições Gerais Estaduais 2018";"RJ";"RJ";"RIO DE JANEIRO";"190000603295";"Ficha limpa (LC 64/90)"
"03/10/2018";"08:04:51";"2018";"2";"Eleição Ordinária";"297";"Eleições Gerais Estaduais 2018";"RJ";"RJ";"RIO DE JANEIRO";"190000625150";"Ausência de requisito de registro "
"03/10/2018";"08:04:51";"2018";"2";"Eleição Ordinária";"297";"Eleições Gerais Estaduais 2018";"RJ";"RJ";"RIO DE JANEIRO";"190000624717";"Impugnação"
"03/10/2018";"08:04:51";"2018";"2";"Eleição Ordinária";"297";"Eleições Gerais Estaduais 2018";"RJ";"RJ";"RIO DE JANEIRO";"190000611421";"Ausência de requisito de registro "
"03/10/2018";"08:04:51";"2018";"2";"Eleição Ordinária";"297";"Eleições Gerais Estaduais 2018";"RJ";"RJ";"RIO DE JANEIRO";"190000614655";"Ausência de requisito de registro "
"03/10/2018";"08:04:51";"2018";"2";"Eleição Ordinária";"297";"Eleições Gerais Estaduais 2018";"RJ";"RJ";"RIO DE JANEIRO";"190000606060";"Ausência de requisito de registro "
"03/10/2018";"08:04:51";"2018";"2";"Eleição Ordinária";"297";"Eleições Gerais Estaduais 2018";"RJ";"RJ";"RIO DE JANEIRO";"190000611512";"Ausência de requisito de registro "
"03/10/2018";"08:04:51";"2018";"2";"Eleição Ordinária";"297";"Eleições Gerais Estaduais 2018";"RJ";"RJ";"RIO DE JANEIRO";"190000614910";"Ausência de requisito de registro "
"03/10/2018";"08:04:51";"2018";"2";"Eleição Ordinária";"297";"Eleições Gerais Estaduais 2018";"RJ";"RJ";"RIO DE JANEIRO";"190000614808";"Ausência de requisito de registro "
"03/10/2018";"08:04:51";"2018";"2";"Eleição Ordinária";"297";"Eleições Gerais Estaduais 2018";"RJ";"RJ";"RIO DE JANEIRO";"190000603383";"Ausência de requisito de registro "
"03/10/2018";"08:04:51";"2018";"2";"Eleição Ordinária";"297";"Eleições Gerais Estaduais 2018";"RJ";"RJ";"RIO DE JANEIRO";"190000624741";"Ausência de requisito de registro "
"03/10/2018";"08:04:51";"2018";"2";"Eleição Ordinária";"297";"Eleições Gerais Estaduais 2018";"RJ";"RJ";"RIO DE JANEIRO";"190000624790";"Ausência de requisito de registro "
"03/10/2018";"08:04:51";"2018";"2";"Eleição Ordinária";"297";"Eleições Gerais Estaduais 2018";"RJ";"RJ";"RIO DE JANEIRO";"190000615510";"Ausência de requisito de registro "
"03/10/2018";"08:04:51";"2018";"2";"Eleição Ordinária";"297";"Eleições Gerais Estaduais 2018";"RJ";"RJ";"RIO DE JANEIRO";"190000624683";"Ausência de requisito de registro "
"03/10/2018";"08:04:51";"2018";"2";"Eleição Ordinária";"297";"Eleições Gerais Estaduais 2018";"RJ";"RJ";"RIO DE JANEIRO";"190000607873";"Ausência de requisito de registro "
"03/10/2018";"08:04:51";"2018";"2";"Eleição Ordinária";"297";"Eleições Gerais Estaduais 2018";"RJ";"RJ";"RIO DE JANEIRO";"190000607945";"Ausência de requisito de registro "
"03/10/2018";"08:04:51";"2018";"2";"Eleição Ordinária";"297";"Eleições Gerais Estaduais 2018";"RJ";"RJ";"RIO DE JANEIRO";"190000621819";"Impugnação"
"03/10/2018";"08:04:51";"2018";"2";"Eleição Ordinária";"297";"Eleições Gerais Estaduais 2018";"RJ";"RJ";"RIO DE JANEIRO";"190000611444";"Ausência de requisito de registro "
"03/10/2018";"08:04:51";"2018";"2";"Eleição Ordinária";"297";"Eleições Gerais Estaduais 2018";"RJ";"RJ";"RIO DE JANEIRO";"190000611514";"Ausência de requisito de registro "
"03/10/2018";"08:04:51";"2018";"2";"Eleição Ordinária";"297";"Eleições Gerais Estaduais 2018";"RJ";"RJ";"RIO DE JANEIRO";"190000611518";"Ausência de requisito de registro "
"03/10/2018";"08:04:51";"2018";"2";"Eleição Ordinária";"297";"Eleições Gerais Estaduais 2018";"RJ";"RJ";"RIO DE JANEIRO";"190000606040";"Ausência de requisito de registro "
"03/10/2018";"08:04:51";"2018";"2";"Eleição Ordinária";"297";"Eleições Gerais Estaduais 2018";"RJ";"RJ";"RIO DE JANEIRO";"190000606117";"Ausência de requisito de registro "
"03/10/2018";"08:04:51";"2018";"2";"Eleição Ordinária";"297";"Eleições Gerais Estaduais 2018";"RJ";"RJ";"RIO DE JANEIRO";"190000611502";"Ausência de requisito de registro "
"03/10/2018";"08:04:51";"2018";"2";"Eleição Ordinária";"297";"Eleições Gerais Estaduais 2018";"RJ";"RJ";"RIO DE JANEIRO";"190000614892";"Ausência de requisito de registro "
"03/10/2018";"08:04:51";"2018";"2";"Eleição Ordinária";"297";"Eleições Gerais Estaduais 2018";"RJ";"RJ";"RIO DE JANEIRO";"190000614917";"Ausência de requisito de registro "
"03/10/2018";"08:04:51";"2018";"2";"Eleição Ordinária";"297";"Eleições Gerais Estaduais 2018";"RJ";"RJ";"RIO DE JANEIRO";"190000610785";"Ausência de requisito de registro "
"03/10/2018";"08:04:51";"2018";"2";"Eleição Ordinária";"297";"Eleições Gerais Estaduais 2018";"RJ";"RJ";"RIO DE JANEIRO";"190000603398";"Ausência de requisito de registro "
"03/10/2018";"08:04:51";"2018";"2";"Eleição Ordinária";"297";"Eleições Gerais Estaduais 2018";"RJ";"RJ";"RIO DE JANEIRO";"190000624734";"Ausência de requisito de registro "
"03/10/2018";"08:04:51";"2018";"2";"Eleição Ordinária";"297";"Eleições Gerais Estaduais 2018";"RJ";"RJ";"RIO DE JANEIRO";"190000615668";"Indeferimento de partido ou coligação."
"03/10/2018";"08:04:51";"2018";"2";"Eleição Ordinária";"297";"Eleições Gerais Estaduais 2018";"RJ";"RJ";"RIO DE JANEIRO";"190000615672";"Indeferimento de partido ou coligação."
"03/10/2018";"08:04:51";"2018";"2";"Eleição Ordinária";"297";"Eleições Gerais Estaduais 2018";"RJ";"RJ";"RIO DE JANEIRO";"190000615673";"Impugnação"
"03/10/2018";"08:04:51";"2018";"2";"Eleição Ordinária";"297";"Eleições Gerais Estaduais 2018";"RJ";"RJ";"RIO DE JANEIRO";"190000615673";"Ausência de requisito de registro "
"03/10/2018";"08:04:51";"2018";"2";"Eleição Ordinária";"297";"Eleições Gerais Estaduais 2018";"RJ";"RJ";"RIO DE JANEIRO";"190000618146";"Ausência de requisito de registro "
"03/10/2018";"08:04:51";"2018";"2";"Eleição Ordinária";"297";"Eleições Gerais Estaduais 2018";"RJ";"RJ";"RIO DE JANEIRO";"190000618143";"Ausência de requisito de registro "
"03/10/2018";"08:04:51";"2018";"2";"Eleição Ordinária";"297";"Eleições Gerais Estaduais 2018";"RJ";"RJ";"RIO DE JANEIRO";"190000618405";"Impugnação"
"03/10/2018";"08:04:51";"2018";"2";"Eleição Ordinária";"297";"Eleições Gerais Estaduais 2018";"RJ";"RJ";"RIO DE JANEIRO";"190000624793";"Ausência de requisito de registro "
"03/10/2018";"08:04:51";"2018";"2";"Eleição Ordinária";"297";"Eleições Gerais Estaduais 2018";"RJ";"RJ";"RIO DE JANEIRO";"190000629586";"Ausência de requisito de registro "
"03/10/2018";"08:04:51";"2018";"2";"Eleição Ordinária";"297";"Eleições Gerais Estaduais 2018";"RJ";"RJ";"RIO DE JANEIRO";"190000622229";"Abuso de poder (LC 64/90)"
"03/10/2018";"08:04:51";"2018";"2";"Eleição Ordinária";"297";"Eleições Gerais Estaduais 2018";"RJ";"RJ";"RIO DE JANEIRO";"190000611496";"Ausência de requisito de registro "
"03/10/2018";"08:04:51";"2018";"2";"Eleição Ordinária";"297";"Eleições Gerais Estaduais 2018";"RJ";"RJ";"RIO DE JANEIRO";"190000601373";"Ausência de requisito de registro "
"03/10/2018";"08:04:51";"2018";"2";"Eleição Ordinária";"297";"Eleições Gerais Estaduais 2018";"RJ";"RJ";"RIO DE JANEIRO";"190000610748";"Ausência de requisito de registro "
"03/10/2018";"08:04:51";"2018";"2";"Eleição Ordinária";"297";"Eleições Gerais Estaduais 2018";"RJ";"RJ";"RIO DE JANEIRO";"190000604201";"Impugnação"
"03/10/2018";"08:04:51";"2018";"2";"Eleição Ordinária";"297";"Eleições Gerais Estaduais 2018";"RJ";"RJ";"RIO DE JANEIRO";"190000607903";"Ausência de requisito de registro "
"03/10/2018";"08:04:51";"2018";"2";"Eleição Ordinária";"297";"Eleições Gerais Estaduais 2018";"RJ";"RJ";"RIO DE JANEIRO";"190000607909";"Ausência de requisito de registro "
"03/10/2018";"08:04:51";"2018";"2";"Eleição Ordinária";"297";"Eleições Gerais Estaduais 2018";"RJ";"RJ";"RIO DE JANEIRO";"190000624736";"Ausência de requisito de registro "
"03/10/2018";"08:04:51";"2018";"2";"Eleição Ordinária";"297";"Eleições Gerais Estaduais 2018";"RJ";"RJ";"RIO DE JANEIRO";"190000618115";"Ausência de requisito de registro "
"03/10/2018";"08:04:51";"2018";"2";"Eleição Ordinária";"297";"Eleições Gerais Estaduais 2018";"RJ";"RJ";"RIO DE JANEIRO";"190000616139";"Ausência de requisito de registro "
"03/10/2018";"08:04:51";"2018";"2";"Eleição Ordinária";"297";"Eleições Gerais Estaduais 2018";"RJ";"RJ";"RIO DE JANEIRO";"190000629548";"Ausência de requisito de registro "
"03/10/2018";"08:04:51";"2018";"2";"Eleição Ordinária";"297";"Eleições Gerais Estaduais 2018";"RJ";"RJ";"RIO DE JANEIRO";"190000623258";"Ausência de requisito de registro "
"03/10/2018";"08:04:51";"2018";"2";"Eleição Ordinária";"297";"Eleições Gerais Estaduais 2018";"RJ";"RJ";"RIO DE JANEIRO";"190000622757";"Ausência de requisito de registro "
"03/10/2018";"08:04:51";"2018";"2";"Eleição Ordinária";"297";"Eleições Gerais Estaduais 2018";"RJ";"RJ";"RIO DE JANEIRO";"190000626288";"Ausência de requisito de registro "
"03/10/2018";"08:04:51";"2018";"2";"Eleição Ordinária";"297";"Eleições Gerais Estaduais 2018";"RJ";"RJ";"RIO DE JANEIRO";"190000629662";"Ausência de requisito de registro "
"03/10/2018";"08:04:51";"2018";"2";"Eleição Ordinária";"297";"Eleições Gerais Estaduais 2018";"RJ";"RJ";"RIO DE JANEIRO";"190000614677";"Ausência de requisito de registro "
"03/10/2018";"08:04:51";"2018";"2";"Eleição Ordinária";"297";"Eleições Gerais Estaduais 2018";"RJ";"RJ";"RIO DE JANEIRO";"190000614681";"Ausência de requisito de registro "
"03/10/2018";"08:04:51";"2018";"2";"Eleição Ordinária";"297";"Eleições Gerais Estaduais 2018";"RJ";"RJ";"RIO DE JANEIRO";"190000628393";"Ausência de requisito de registro "
"03/10/2018";"08:04:51";"2018";"2";"Eleição Ordinária";"297";"Eleições Gerais Estaduais 2018";"RJ";"RJ";"RIO DE JANEIRO";"190000621818";"Impugnação"
"03/10/2018";"08:04:51";"2018";"2";"Eleição Ordinária";"297";"Eleições Gerais Estaduais 2018";"RJ";"RJ";"RIO DE JANEIRO";"190000607933";"Ausência de requisito de registro "
"03/10/2018";"08:04:51";"2018";"2";"Eleição Ordinária";"297";"Eleições Gerais Estaduais 2018";"RJ";"RJ";"RIO DE JANEIRO";"190000607975";"Ausência de requisito de registro "
"03/10/2018";"08:04:51";"2018";"2";"Eleição Ordinária";"297";"Eleições Gerais Estaduais 2018";"RJ";"RJ";"RIO DE JANEIRO";"190000611447";"Ausência de requisito de registro "
"03/10/2018";"08:04:51";"2018";"2";"Eleição Ordinária";"297";"Eleições Gerais Estaduais 2018";"RJ";"RJ";"RIO DE JANEIRO";"190000606133";"Ausência de requisito de registro "
"03/10/2018";"08:04:51";"2018";"2";"Eleição Ordinária";"297";"Eleições Gerais Estaduais 2018";"RJ";"RJ";"RIO DE JANEIRO";"190000610763";"Ausência de requisito de registro "
"03/10/2018";"08:04:51";"2018";"2";"Eleição Ordinária";"297";"Eleições Gerais Estaduais 2018";"RJ";"RJ";"RIO DE JANEIRO";"190000614740";"Ausência de requisito de registro "
"03/10/2018";"08:04:51";"2018";"2";"Eleição Ordinária";"297";"Eleições Gerais Estaduais 2018";"RJ";"RJ";"RIO DE JANEIRO";"190000608687";"Ausência de requisito de registro "
"03/10/2018";"08:04:51";"2018";"2";"Eleição Ordinária";"297";"Eleições Gerais Estaduais 2018";"RJ";"RJ";"RIO DE JANEIRO";"190000603387";"Ausência de requisito de registro "
"03/10/2018";"08:04:51";"2018";"2";"Eleição Ordinária";"297";"Eleições Gerais Estaduais 2018";"RJ";"RJ";"RIO DE JANEIRO";"190000624715";"Ausência de requisito de registro "
"03/10/2018";"08:04:51";"2018";"2";"Eleição Ordinária";"297";"Eleições Gerais Estaduais 2018";"RJ";"RJ";"RIO DE JANEIRO";"190000629939";"Ausência de requisito de registro "
"03/10/2018";"08:04:51";"2018";"2";"Eleição Ordinária";"297";"Eleições Gerais Estaduais 2018";"RJ";"RJ";"RIO DE JANEIRO";"190000626470";"Ausência de requisito de registro "
"03/10/2018";"08:04:51";"2018";"2";"Eleição Ordinária";"297";"Eleições Gerais Estaduais 2018";"RJ";"RJ";"RIO DE JANEIRO";"190000625225";"Ausência de requisito de registro "
"03/10/2018";"08:04:51";"2018";"2";"Eleição Ordinária";"297";"Eleições Gerais Estaduais 2018";"RJ";"RJ";"RIO DE JANEIRO";"190000623259";"Ausência de requisito de registro "
"03/10/2018";"08:04:51";"2018";"2";"Eleição Ordinária";"297";"Eleições Gerais Estaduais 2018";"RJ";"RJ";"RIO DE JANEIRO";"190000626321";"Ausência de requisito de registro "
"03/10/2018";"08:04:51";"2018";"2";"Eleição Ordinária";"297";"Eleições Gerais Estaduais 2018";"RJ";"RJ";"RIO DE JANEIRO";"190000629089";"Ausência de requisito de registro "
"03/10/2018";"08:04:51";"2018";"2";"Eleição Ordinária";"297";"Eleições Gerais Estaduais 2018";"RJ";"RJ";"RIO DE JANEIRO";"190000603274";"Ausência de requisito de registro "
"03/10/2018";"08:04:51";"2018";"2";"Eleição Ordinária";"297";"Eleições Gerais Estaduais 2018";"RJ";"RJ";"RIO DE JANEIRO";"190000628984";"Impugnação"
"03/10/2018";"08:04:51";"2018";"2";"Eleição Ordinária";"297";"Eleições Gerais Estaduais 2018";"RJ";"RJ";"RIO DE JANEIRO";"190000606028";"Ausência de requisito de registro "
"03/10/2018";"08:04:51";"2018";"2";"Eleição Ordinária";"297";"Eleições Gerais Estaduais 2018";"RJ";"RJ";"RIO DE JANEIRO";"190000611519";"Ausência de requisito de registro "
"03/10/2018";"08:04:51";"2018";"2";"Eleição Ordinária";"297";"Eleições Gerais Estaduais 2018";"RJ";"RJ";"RIO DE JANEIRO";"190000611479";"Impugnação"
"03/10/2018";"08:04:51";"2018";"2";"Eleição Ordinária";"297";"Eleições Gerais Estaduais 2018";"RJ";"RJ";"RIO DE JANEIRO";"190000606079";"Ausência de requisito de registro "
"03/10/2018";"08:04:51";"2018";"2";"Eleição Ordinária";"297";"Eleições Gerais Estaduais 2018";"RJ";"RJ";"RIO DE JANEIRO";"190000614895";"Ficha limpa (LC 64/90)"
"03/10/2018";"08:04:51";"2018";"2";"Eleição Ordinária";"297";"Eleições Gerais Estaduais 2018";"RJ";"RJ";"RIO DE JANEIRO";"190000614801";"Ausência de requisito de registro "
"03/10/2018";"08:04:51";"2018";"2";"Eleição Ordinária";"297";"Eleições Gerais Estaduais 2018";"RJ";"RJ";"RIO DE JANEIRO";"190000610784";"Ausência de requisito de registro "
"03/10/2018";"08:04:51";"2018";"2";"Eleição Ordinária";"297";"Eleições Gerais Estaduais 2018";"RJ";"RJ";"RIO DE JANEIRO";"190000603377";"Ausência de requisito de registro "
"03/10/2018";"08:04:51";"2018";"2";"Eleição Ordinária";"297";"Eleições Gerais Estaduais 2018";"RJ";"RJ";"RIO DE JANEIRO";"190000615671";"Indeferimento de partido ou coligação."
"03/10/2018";"08:04:51";"2018";"2";"Eleição Ordinária";"297";"Eleições Gerais Estaduais 2018";"RJ";"RJ";"RIO DE JANEIRO";"190000615674";"Indeferimento de partido ou coligação."
"03/10/2018";"08:04:51";"2018";"2";"Eleição Ordinária";"297";"Eleições Gerais Estaduais 2018";"RJ";"RJ";"RIO DE JANEIRO";"190000615675";"Indeferimento de partido ou coligação."
"03/10/2018";"08:04:51";"2018";"2";"Eleição Ordinária";"297";"Eleições Gerais Estaduais 2018";"RJ";"RJ";"RIO DE JANEIRO";"190000625236";"Ausência de requisito de registro "
"03/10/2018";"08:04:51";"2018";"2";"Eleição Ordinária";"297";"Eleições Gerais Estaduais 2018";"RJ";"RJ";"RIO DE JANEIRO";"190000625124";"Ausência de requisito de registro "
"03/10/2018";"08:04:51";"2018";"2";"Eleição Ordinária";"297";"Eleições Gerais Estaduais 2018";"RJ";"RJ";"RIO DE JANEIRO";"190000615565";"Ausência de requisito de registro "
"03/10/2018";"08:04:51";"2018";"2";"Eleição Ordinária";"297";"Eleições Gerais Estaduais 2018";"RJ";"RJ";"RIO DE JANEIRO";"190000621077";"Ausência de requisito de registro "
"03/10/2018";"08:04:51";"2018";"2";"Eleição Ordinária";"297";"Eleições Gerais Estaduais 2018";"RJ";"RJ";"RIO DE JANEIRO";"190000621127";"Ausência de requisito de registro "
"03/10/2018";"08:04:51";"2018";"2";"Eleição Ordinária";"297";"Eleições Gerais Estaduais 2018";"RJ";"RJ";"RIO DE JANEIRO";"190000629816";"Ausência de requisito de registro "
"03/10/2018";"08:04:51";"2018";"2";"Eleição Ordinária";"297";"Eleições Gerais Estaduais 2018";"RJ";"RJ";"RIO DE JANEIRO";"190000622778";"Ausência de requisito de registro "
"03/10/2018";"08:04:51";"2018";"2";"Eleição Ordinária";"297";"Eleições Gerais Estaduais 2018";"RJ";"RJ";"RIO DE JANEIRO";"190000626313";"Ausência de requisito de registro "
"03/10/2018";"08:04:51";"2018";"2";"Eleição Ordinária";"297";"Eleições Gerais Estaduais 2018";"RJ";"RJ";"RIO DE JANEIRO";"190000626319";"Ausência de requisito de registro "
"03/10/2018";"08:04:51";"2018";"2";"Eleição Ordinária";"297";"Eleições Gerais Estaduais 2018";"RJ";"RJ";"RIO DE JANEIRO";"190000628296";"Ausência de requisito de registro "
"03/10/2018";"08:04:51";"2018";"2";"Eleição Ordinária";"297";"Eleições Gerais Estaduais 2018";"RJ";"RJ";"RIO DE JANEIRO";"190000603320";"Ficha limpa (LC 64/90)"
"03/10/2018";"08:04:51";"2018";"2";"Eleição Ordinária";"297";"Eleições Gerais Estaduais 2018";"RJ";"RJ";"RIO DE JANEIRO";"190000614630";"Ausência de requisito de registro "
"03/10/2018";"08:04:51";"2018";"2";"Eleição Ordinária";"297";"Eleições Gerais Estaduais 2018";"RJ";"RJ";"RIO DE JANEIRO";"190000607931";"Ausência de requisito de registro "
"03/10/2018";"08:04:51";"2018";"2";"Eleição Ordinária";"297";"Eleições Gerais Estaduais 2018";"RJ";"RJ";"RIO DE JANEIRO";"190000618111";"Ausência de requisito de registro "
"03/10/2018";"08:04:51";"2018";"2";"Eleição Ordinária";"297";"Eleições Gerais Estaduais 2018";"RJ";"RJ";"RIO DE JANEIRO";"190000624811";"Ausência de requisito de registro "
"03/10/2018";"08:04:51";"2018";"2";"Eleição Ordinária";"297";"Eleições Gerais Estaduais 2018";"RJ";"RJ";"RIO DE JANEIRO";"190000625159";"Ausência de requisito de registro "
"03/10/2018";"08:04:51";"2018";"2";"Eleição Ordinária";"297";"Eleições Gerais Estaduais 2018";"RJ";"RJ";"RIO DE JANEIRO";"190000619359";"Impugnação"
"03/10/2018";"08:04:51";"2018";"2";"Eleição Ordinária";"297";"Eleições Gerais Estaduais 2018";"RJ";"RJ";"RIO DE JANEIRO";"190000621121";"Ausência de requisito de registro "
"03/10/2018";"08:04:51";"2018";"2";"Eleição Ordinária";"297";"Eleições Gerais Estaduais 2018";"RJ";"RJ";"RIO DE JANEIRO";"190000623238";"Ausência de requisito de registro "
"03/10/2018";"08:04:51";"2018";"2";"Eleição Ordinária";"297";"Eleições Gerais Estaduais 2018";"RJ";"RJ";"RIO DE JANEIRO";"190000629525";"Ausência de requisito de registro "
"03/10/2018";"08:04:51";"2018";"2";"Eleição Ordinária";"297";"Eleições Gerais Estaduais 2018";"RJ";"RJ";"RIO DE JANEIRO";"190000622784";"Ausência de requisito de registro "
"03/10/2018";"08:04:51";"2018";"2";"Eleição Ordinária";"297";"Eleições Gerais Estaduais 2018";"RJ";"RJ";"RIO DE JANEIRO";"190000606164";"Ausência de requisito de registro "
"03/10/2018";"08:04:51";"2018";"2";"Eleição Ordinária";"297";"Eleições Gerais Estaduais 2018";"RJ";"RJ";"RIO DE JANEIRO";"190000606168";"Ficha limpa (LC 64/90)"
"03/10/2018";"08:04:51";"2018";"2";"Eleição Ordinária";"297";"Eleições Gerais Estaduais 2018";"RJ";"RJ";"RIO DE JANEIRO";"190000614640";"Ausência de requisito de registro "
"03/10/2018";"08:04:51";"2018";"2";"Eleição Ordinária";"297";"Eleições Gerais Estaduais 2018";"RJ";"RJ";"RIO DE JANEIRO";"190000614658";"Ausência de requisito de registro "
"03/10/2018";"08:04:51";"2018";"2";"Eleição Ordinária";"297";"Eleições Gerais Estaduais 2018";"RJ";"RJ";"RIO DE JANEIRO";"190000611498";"Ausência de requisito de registro "
"03/10/2018";"08:04:51";"2018";"2";"Eleição Ordinária";"297";"Eleições Gerais Estaduais 2018";"RJ";"RJ";"RIO DE JANEIRO";"190000606096";"Ausência de requisito de registro "
"03/10/2018";"08:04:51";"2018";"2";"Eleição Ordinária";"297";"Eleições Gerais Estaduais 2018";"RJ";"RJ";"RIO DE JANEIRO";"190000610734";"Ausência de requisito de registro "
"03/10/2018";"08:04:51";"2018";"2";"Eleição Ordinária";"297";"Eleições Gerais Estaduais 2018";"RJ";"RJ";"RIO DE JANEIRO";"190000614748";"Ausência de requisito de registro "
"03/10/2018";"08:04:51";"2018";"2";"Eleição Ordinária";"297";"Eleições Gerais Estaduais 2018";"RJ";"RJ";"RIO DE JANEIRO";"190000614784";"Ausência de requisito de registro "
"03/10/2018";"08:04:51";"2018";"2";"Eleição Ordinária";"297";"Eleições Gerais Estaduais 2018";"RJ";"RJ";"RIO DE JANEIRO";"190000614859";"Ausência de requisito de registro "
